Item_Identifier,Outlet_Identifier,Item_Outlet_Sales
DRH01,OUT027,4144.026695601031
FDM01,OUT046,1739.0418132060802
FDR52,OUT045,3001.670254033722
FDZ21,OUT018,1408.3516145519122
FDG09,OUT045,2964.967550024464
FDO52,OUT046,2794.477062177177
FDQ16,OUT035,1952.6983052961555
FDH34,OUT049,2998.3255773148744
NCY18,OUT046,2735.192847945567
DRH39,OUT013,1253.7495578715727
FDY40,OUT019,-1018.0040621426085
FDX35,OUT045,3563.8589113630674
NCU42,OUT027,4048.5431241092056
FDA37,OUT035,2218.5598176268168
NCO54,OUT017,1004.436686984578
NCC19,OUT046,3002.379630780705
FDW20,OUT027,3464.3623875809435
FDA43,OUT017,3212.705498484493
FDT13,OUT010,1065.4032153160033
FDX52,OUT019,1175.4140410590444
FDZ38,OUT046,2755.088510850399
DRE37,OUT046,2993.749767133704
FDC35,OUT027,4708.410519210833
FDL09,OUT019,786.8213158299426
NCN19,OUT046,2991.0987971121995
FDV28,OUT017,735.6917092806545
FDO37,OUT017,3744.3064604682636
FDP58,OUT018,3239.0786013889833
DRC13,OUT018,1779.35220157107
FDR46,OUT027,3783.880521824587
DRN11,OUT017,2329.187518432805
FDZ26,OUT018,3584.7747148908616
FDV01,OUT045,2449.315570267952
FDR32,OUT027,5039.131951714087
FDS23,OUT017,2120.9122637919036
FDB29,OUT017,1985.7728881100093
FDO28,OUT019,54.849557728693185
FDG44,OUT046,936.2283017362658
FDV26,OUT045,3090.085769456594
FDY12,OUT018,647.0554846814699
FDF29,OUT035,2324.261664010853
FDL25,OUT049,1600.9917629890451
FDM24,OUT027,3897.5517406069466
FDQ07,OUT018,3302.108343142235
FDT43,OUT018,645.5281939183025
FDM13,OUT017,2232.8159732347644
FDY39,OUT027,4355.648423714873
NCA17,OUT046,2367.07152063894
FDM36,OUT027,4205.287444074066
FDB36,OUT017,2248.196209344904
FDY02,OUT045,4072.3814341173056
FDJ40,OUT035,1985.8662975556945
FDZ32,OUT019,-138.76672432911903
DRD12,OUT017,1538.3153242296182
NCQ50,OUT013,3382.0365298630286
FDE35,OUT013,1064.2126025866985
FDZ21,OUT017,1697.9668847191647
FDZ16,OUT017,3161.834826894866
NCD07,OUT046,1830.433348097255
FDV31,OUT045,2718.6350348141664
FDE44,OUT035,969.861301243742
FDP51,OUT019,38.91632958835146
FDT60,OUT017,2096.17224053603
FDA20,OUT013,2972.80553836594
NCZ42,OUT017,3793.318058090724
FDB23,OUT019,1713.546543464507
FDL04,OUT017,1796.983968457071
FDH19,OUT035,2930.9967205453977
NCK31,OUT018,592.012623999246
DRH11,OUT027,2338.2670263578493
FDS39,OUT017,2407.5209190030287
FDS24,OUT013,1542.8011624151616
FDS31,OUT049,2950.4077801902176
NCN05,OUT018,2629.0238668637585
FDF08,OUT045,1427.9299778883662
FDG08,OUT018,2501.663166603654
FDE23,OUT018,613.027381034468
FDL20,OUT017,1861.9138095257945
FDJ56,OUT019,-319.50936608554764
DRC25,OUT027,2827.4829325905002
FDZ58,OUT017,2098.646066042938
NCR17,OUT045,1777.4395497769112
FDN09,OUT010,1924.2996339324154
FDV59,OUT046,3491.535838552229
FDX44,OUT049,1537.1231724587328
FDC59,OUT035,1298.9580802211246
FDK43,OUT017,2154.213208253695
FDS59,OUT019,-64.26375328485699
FDA16,OUT027,4963.117566766721
FDF05,OUT046,4202.3495627928905
FDN04,OUT046,2929.167529961386
FDP10,OUT013,1769.1343552676663
NCB42,OUT018,1601.1166533109335
NCF42,OUT010,802.5552566229823
FDX56,OUT049,3401.823201958307
NCD42,OUT018,436.7083339737312
DRG51,OUT046,2602.9287625716156
DRQ35,OUT045,1894.8021008033463
FDP58,OUT045,3377.0803076307234
FDD51,OUT045,702.8350447087766
FDA55,OUT013,3582.59294297433
DRH51,OUT013,1451.5622374908576
NCO54,OUT045,872.8233229348265
FDD11,OUT035,4196.855703961264
FDY12,OUT017,962.8718144913998
FDN33,OUT027,2966.8826100706046
FDG31,OUT013,1096.1925316315012
FDX33,OUT013,2603.1782675128065
FDZ25,OUT018,2510.5700512035537
FDT21,OUT027,5367.791201912955
FDG34,OUT017,1860.6069020717193
FDN32,OUT045,2890.3360056566416
FDG50,OUT049,1546.4930683588407
NCI55,OUT035,2121.6271214808203
FDS03,OUT019,-815.8560927591029
FDS14,OUT045,2452.991424074441
FDD11,OUT013,4004.636625101565
FDW34,OUT045,3807.935743707099
FDB17,OUT019,965.3834723821769
FDG57,OUT010,-1091.992825981773
NCG30,OUT027,3388.654668233019
FDO52,OUT018,2511.2604120671
FDY28,OUT019,1490.6502485500291
FDQ22,OUT045,638.9761866538956
FDO46,OUT027,4448.865164711382
FDH05,OUT049,3755.67385426128
FDZ36,OUT013,3045.4795380067853
FDQ39,OUT010,1088.358456102208
NCK06,OUT045,1822.802108577847
FDO44,OUT035,1947.598093695662
FDB10,OUT049,3769.179979860415
FDW49,OUT027,4298.480796752031
FDF04,OUT017,4198.429171414846
FDQ59,OUT035,1589.7814175720514
FDR36,OUT017,815.9441811919162
FDX07,OUT049,3042.3105685170526
FDU22,OUT049,1986.4553148831656
FDD45,OUT045,1462.673887487633
FDW14,OUT046,1492.1732717591885
FDL03,OUT017,3270.8437120502044
FDL40,OUT035,1738.004107180399
NCC07,OUT035,1870.6695894931684
FDK10,OUT035,3082.545193758489
DRB25,OUT035,1855.561784742795
FDC23,OUT018,2626.3103159473617
FDK43,OUT045,2011.8066878247114
FDP48,OUT017,3010.395474544268
NCH07,OUT013,2523.403168903421
FDV09,OUT035,2553.763653856043
FDT04,OUT010,-1260.2942945144448
NCP29,OUT013,1070.6827212150906
FDQ19,OUT013,3896.058127628693
FDP33,OUT017,4139.951137142115
DRL49,OUT045,2154.2559391730197
FDA58,OUT013,3712.9515077325586
FDR10,OUT035,2795.6636402217696
FDL22,OUT046,1529.2526641334612
FDJ50,OUT045,833.0277638992221
FDP12,OUT045,611.3114663918311
FDF35,OUT013,1775.1189185206467
NCU06,OUT019,1641.2686922703447
DRN59,OUT027,2194.8063030818935
FDZ59,OUT013,2706.111816300231
FDO22,OUT013,1410.8274025503533
FDN09,OUT013,3871.5403124946083
DRJ24,OUT035,3091.0445921344412
FDT59,OUT018,3424.730123856775
DRJ23,OUT027,4393.728732108029
FDH31,OUT035,1833.9451503284195
FDE56,OUT017,1141.6278828479556
FDW32,OUT010,-481.5567992420839
FDL20,OUT035,1973.5828227322286
FDX32,OUT010,435.4280692148194
FDR46,OUT017,2422.5270731344863
NCO42,OUT045,2227.514724255368
FDQ45,OUT027,4418.241376200176
FDU33,OUT018,596.5518447291386
NCK29,OUT046,1930.6526775219286
NCS29,OUT035,4316.453480593131
FDD34,OUT035,2753.3215851496275
FDK32,OUT049,2540.314299684106
FDH45,OUT049,817.2934306122118
FDG50,OUT046,1503.7576572597015
NCM41,OUT013,1512.656360387346
NCS06,OUT019,2200.2957966480094
DRE37,OUT018,2699.714769490938
FDG32,OUT046,3547.5973300535484
FDW22,OUT049,3627.0948895577667
FDU34,OUT049,2048.3430045443793
NCB18,OUT018,1202.6457391618778
FDP13,OUT049,771.7962058860496
FDK51,OUT013,4227.697470081222
FDB03,OUT035,4003.352472698105
FDU52,OUT045,2447.5913981121685
FDT46,OUT018,660.9820287597556
DRD13,OUT013,1090.4068379610371
NCW42,OUT027,4884.315641436848
FDP24,OUT049,2010.7464188176323
NCO05,OUT013,1575.3766011447415
FDE14,OUT035,1835.2140314926899
FDC17,OUT017,3454.5557453592032
FDF41,OUT049,3936.985769705858
FDO03,OUT018,3408.616651494111
DRB13,OUT049,3059.731888975431
FDL56,OUT035,1588.3119972391034
NCA17,OUT017,2471.8442923636057
FDW49,OUT045,2791.715025293149
FDL57,OUT045,4067.8091726107104
FDS39,OUT027,3745.5501142585
FDB35,OUT045,1480.630664588134
FDX59,OUT027,2032.6077086432779
FDX20,OUT035,3732.5014617567986
FDT38,OUT045,1312.8674199304464
FDU19,OUT013,2826.179105230566
FDF08,OUT046,1523.779802291384
FDF33,OUT010,-180.45352020512803
FDI34,OUT045,3598.3831741138
DRE01,OUT046,3774.340739836398
FDT45,OUT013,975.8620772112831
NCI17,OUT045,1444.8379200802221
FDY22,OUT017,2411.0393114323992
FDA03,OUT013,2388.4170561746187
FDC46,OUT013,2930.790024953254
FDV20,OUT049,2131.6521429157215
DRI47,OUT010,350.2686134418326
FDH20,OUT045,1571.5679786655548
FDN49,OUT035,915.5127792057326
FDY04,OUT045,2605.6067933633076
FDQ25,OUT018,2576.0279013844183
FDE34,OUT018,2682.24100355428
FDA25,OUT046,1699.241519368299
FDH57,OUT049,2171.1784760123583
FDZ57,OUT013,2127.9494137224815
NCF42,OUT035,2903.776170350456
FDF34,OUT018,2981.899803567254
FDW56,OUT046,3076.766361040448
DRN37,OUT013,2667.5285112264064
DRK59,OUT018,3422.5721468864517
FDR59,OUT010,2194.899980860954
FDA25,OUT045,1669.7525333384733
DRE48,OUT018,2851.8965520952383
FDA32,OUT049,3497.0062042496984
FDJ58,OUT019,851.3752047689485
FDI44,OUT049,1322.6418935418874
DRK35,OUT045,569.8804421585154
DRK37,OUT027,4396.939527250471
NCE30,OUT035,3453.613606076352
FDL08,OUT045,3779.3759587895543
FDW24,OUT013,852.1969011809487
FDW12,OUT027,3782.1401962263735
FDG26,OUT018,3795.3570263764204
FDD38,OUT049,1737.80655136344
FDL56,OUT018,1214.8405758067504
FDO09,OUT045,4084.2095972024035
NCN29,OUT019,-1111.3180254431772
FDQ39,OUT013,3038.4905142223247
NCM31,OUT045,2155.471431014536
FDM24,OUT017,2560.9351464204465
NCT30,OUT049,852.6252239699438
DRE25,OUT035,1636.3930074321606
FDM36,OUT017,2865.6315787699104
FDH34,OUT017,3059.266314660515
FDC53,OUT046,1608.2615795511692
NCO30,OUT049,2932.4742320954574
NCF31,OUT019,488.22568946322747
FDY57,OUT035,1781.5209983017753
FDP13,OUT018,515.2824364867621
NCO17,OUT027,3347.578256640608
FDA32,OUT019,1525.9510535752047
NCW06,OUT035,3156.8614813342915
FDZ57,OUT018,1892.0751203527852
FDS02,OUT027,4562.29939998945
NCO02,OUT049,1107.3519719134688
FDV19,OUT018,2393.779263491966
FDQ40,OUT018,2608.865522066761
NCH29,OUT018,1339.920518560658
NCE31,OUT013,583.6628087322861
FDJ08,OUT045,2969.4041038920154
FDM58,OUT010,-133.59202372743982
FDR37,OUT035,3111.396741378159
FDQ15,OUT046,1383.4834022871257
FDP34,OUT046,2493.9274569975582
FDQ52,OUT013,3926.925495688478
FDM46,OUT035,1681.0607075281584
FDF04,OUT045,4015.886221632718
NCI43,OUT027,2234.825920297878
FDG47,OUT013,4175.421894103063
FDC38,OUT035,2279.5849094332334
FDV39,OUT046,3196.971647427337
NCB19,OUT049,1407.6056924017535
FDG20,OUT017,2930.073054249788
NCN07,OUT010,150.9137791674467
FDZ44,OUT017,1968.0573553155268
FDG38,OUT018,1197.553386069751
FDU36,OUT027,3066.6178310592995
FDX60,OUT046,1356.552059475447
FDN60,OUT045,2467.4140887915382
FDW32,OUT013,1437.4205790733158
FDZ35,OUT035,1859.5990402321754
FDB29,OUT045,1837.2134575791754
FDB17,OUT010,935.4720080052139
FDY58,OUT017,3721.6341014189575
FDU34,OUT027,3465.9142099301725
FDC26,OUT046,1825.0915886543867
FDI53,OUT035,2757.143298328054
FDV58,OUT046,3095.2352916375353
FDM12,OUT017,3137.9133594047103
FDS57,OUT035,2485.0631087189367
NCL41,OUT046,574.408449990204
DRL37,OUT017,786.5993163973311
FDL51,OUT018,3176.4517722431733
FDP08,OUT046,3097.4356023069104
FDP31,OUT027,2546.8723431721846
DRD15,OUT046,3661.6880325849147
FDO12,OUT017,3220.7205757856127
FDY02,OUT027,5614.6508921436
FDE34,OUT017,3005.7851984213344
FDD57,OUT017,1662.4775626554847
FDW37,OUT017,1578.1809354131376
NCE54,OUT045,1117.399655335417
DRH23,OUT017,954.2997521171253
FDF34,OUT027,4641.94301471267
FDB34,OUT017,1520.8701522520419
FDN58,OUT018,3480.055443481992
FDQ13,OUT019,-526.2347990161676
DRA24,OUT017,2720.198851945167
FDR60,OUT035,1434.8473790897033
FDA33,OUT049,2444.5035189705486
FDG53,OUT010,337.64389226160836
NCK54,OUT027,3248.5767220566595
FDU12,OUT018,3977.9972200638613
DRH37,OUT049,2656.7111803315147
FDE23,OUT035,992.604275395915
FDC38,OUT013,2162.1448161530757
FDV58,OUT049,3174.9739619163747
NCS18,OUT049,1783.5454850022243
FDG31,OUT049,1130.6684422742826
FDE46,OUT035,2631.2140101938953
FDR10,OUT013,2625.7353304804305
FDB34,OUT010,-520.5764638638549
DRM23,OUT013,2731.9887979130003
FDG59,OUT046,707.0771362783936
FDX21,OUT019,-122.26695068913807
DRN47,OUT017,2904.7529391173557
DRD13,OUT017,1113.266138192608
FDJ26,OUT045,3350.9255258021053
FDD05,OUT027,3425.49189615496
FDC10,OUT017,2070.5830405643355
FDQ25,OUT027,4234.5556360179635
FDJ38,OUT035,3220.1086432861102
FDG14,OUT045,2380.0206184908125
FDJ48,OUT027,5332.772551409748
FDO38,OUT027,2741.842681010776
NCL41,OUT035,771.1044620921118
DRI25,OUT010,-1019.3084835150947
FDQ11,OUT035,4273.067136497917
FDT24,OUT046,1292.0439103836786
NCQ42,OUT019,112.79495736014769
DRL01,OUT049,3774.8674298786605
FDY50,OUT018,1224.9791948294253
FDY60,OUT017,2451.738851935605
FDD35,OUT017,2030.127841950938
FDY45,OUT018,3808.908280641571
FDZ36,OUT017,3051.3387501200837
FDS12,OUT013,2043.5985216659465
NCT42,OUT027,3805.9043673661263
FDN28,OUT018,1460.3293628602169
NCL06,OUT045,4000.5206816485206
DRJ39,OUT027,4879.645946164176
FDU40,OUT018,2886.008896499445
DRE27,OUT046,1540.9909733364043
DRG48,OUT045,2246.8317107454895
NCJ18,OUT010,-132.6574315952248
FDH19,OUT046,2828.442697940519
FDF39,OUT018,3934.884959715149
FDA19,OUT010,134.7255568857271
FDK44,OUT017,2844.248827298953
FDZ47,OUT046,1638.008176458338
FDB46,OUT035,3545.6807290170614
FDL10,OUT017,1730.7246437854428
FDV28,OUT010,-1319.3457691175272
FDR24,OUT013,1508.3554744964135
FDM20,OUT018,3677.5722742754288
FDR44,OUT027,3564.5996175645205
FDF12,OUT018,2113.7560606335214
DRD24,OUT010,318.33116052384946
FDD50,OUT018,2433.702619920154
FDG60,OUT027,5147.413582835634
DRQ35,OUT035,2153.3850663962753
FDB59,OUT049,3225.191174194044
FDR58,OUT045,1454.546277409037
FDE59,OUT018,389.9678990400321
FDL21,OUT045,672.5771223418469
FDD28,OUT046,1031.2250360392543
NCB30,OUT035,3248.3200445153097
FDC03,OUT013,3123.905764552099
NCL07,OUT046,700.0364781780876
FDX48,OUT010,573.9129955366333
FDK36,OUT027,2261.6005993684685
NCH30,OUT046,1826.2413631244476
NCT18,OUT035,3013.910778756469
NCQ54,OUT045,2587.915345739266
FDX32,OUT017,2438.1690739653095
FDB16,OUT045,1377.3612994009195
FDI08,OUT035,4101.4957527166425
FDA08,OUT046,2680.8461482179255
FDH53,OUT035,1577.8763108128276
FDW46,OUT013,1157.5250718644359
NCP17,OUT046,1083.752142853209
FDD46,OUT045,2366.84639404435
FDN57,OUT045,2193.8767261444727
FDQ27,OUT049,1784.2365756975362
DRG49,OUT045,3775.8797646008657
FDC57,OUT035,3274.634757122572
FDZ43,OUT018,3633.250521371299
FDC38,OUT049,2185.7733828378823
NCP50,OUT019,-643.0220846092252
FDP27,OUT018,2763.7122280535073
FDW02,OUT045,1964.6866592653546
NCR54,OUT013,3076.243410509629
FDA22,OUT046,2650.7605999519533
NCC30,OUT035,2942.5567267254196
NCA41,OUT017,3110.6173032291954
NCS18,OUT013,1715.1191094392352
FDR43,OUT010,-1293.3543093013914
DRD13,OUT027,2483.7659292354865
FDB32,OUT017,1660.3761961840037
DRJ13,OUT017,2600.0888271339986
FDB05,OUT049,3961.743445615175
FDQ11,OUT046,4090.259798635535
DRI01,OUT045,2668.7640992029314
FDH32,OUT045,1511.3429943008161
FDQ20,OUT027,2155.828132295188
FDQ11,OUT019,2151.1232707735085
DRG11,OUT046,1741.8452209263119
FDA01,OUT017,1144.2027074248858
FDU10,OUT017,803.1599634334677
FDW07,OUT046,1488.7499499646867
FDM51,OUT045,1641.3641124733049
FDC35,OUT010,1328.5185843847148
FDO22,OUT017,1480.0302131777196
FDP34,OUT019,560.3383942664913
FDS27,OUT045,3076.084350507519
FDC20,OUT035,1145.5723937701205
NCX29,OUT017,2348.051683443258
NCG30,OUT013,1967.4605559092774
NCK29,OUT013,1954.0853334212215
FDR15,OUT049,2603.2325375716077
FDE22,OUT019,621.5050254731044
DRF25,OUT046,609.6101611699437
NCP50,OUT027,2745.5070419307376
FDX52,OUT018,2895.046396982656
FDC11,OUT027,2866.677920901241
FDE35,OUT049,1072.4491832617805
FDJ41,OUT013,4135.815886909996
NCA18,OUT045,1759.8884053143308
FDM56,OUT017,1851.349864640994
FDA26,OUT018,3279.45728297433
FDX50,OUT046,1814.3815543197318
NCR30,OUT019,-740.2683806735595
FDN15,OUT019,360.52812240356377
FDD21,OUT013,1926.9681948340685
FDQ28,OUT046,2507.398671327745
FDG05,OUT049,2576.194759643691
FDD29,OUT049,4096.346514889392
FDT34,OUT049,1737.9473972795215
FDX43,OUT018,2431.489426078258
DRD15,OUT013,3682.2897189637965
NCB18,OUT035,1559.0619566753455
FDO56,OUT018,1717.4841754420027
FDO16,OUT049,1441.9752576491976
FDC21,OUT018,1585.8103673196144
FDK44,OUT035,2925.043814545466
NCT29,OUT046,1946.615031847235
FDB16,OUT035,1623.5991000045271
FDT43,OUT049,971.4279690900896
FDU04,OUT046,1999.2754745438792
FDG60,OUT046,3716.4655322177714
FDK38,OUT010,416.82925188155866
FDP11,OUT046,3453.1312287361143
FDR27,OUT045,2105.5157652444755
NCU06,OUT049,3636.569307421232
FDZ07,OUT027,2474.928625850095
FDB41,OUT046,874.6416792340251
NCP50,OUT018,1045.5037803193636
FDX50,OUT017,1890.2189134409116
FDO20,OUT035,4162.846928750111
FDB60,OUT017,3210.8453307138234
FDG09,OUT013,3021.2208666051292
FDV55,OUT046,2354.463374014051
FDI16,OUT010,-1012.4730942383269
NCQ38,OUT045,1623.4919752129529
FDU33,OUT049,887.0185467177193
FDF57,OUT049,2803.591510045997
NCV05,OUT027,3858.959361062385
FDL10,OUT027,3059.533152434249
FDB60,OUT035,3265.2842108947816
FDT21,OUT046,3956.4193070475103
FDT19,OUT013,2819.066935360306
FDL58,OUT046,4176.2263540619515
FDO24,OUT013,2510.955389726719
FDF32,OUT010,1207.7212003597597
FDS01,OUT018,2601.9184091967204
FDM33,OUT046,3479.182810115336
DRF23,OUT018,2504.557877050224
FDJ26,OUT046,3451.4139495454465
FDE26,OUT010,343.89713339737534
FDP59,OUT045,1688.6386758148938
DRJ24,OUT013,2941.1937943938774
FDL58,OUT049,4260.610972177232
FDW03,OUT013,1734.800372299865
FDH28,OUT027,2112.693261605499
FDK55,OUT013,1509.600438111528
FDX44,OUT035,1637.0775604974222
FDN51,OUT045,4088.4956526737524
FDE26,OUT045,2259.8297340640434
NCI54,OUT017,1846.2201514364683
FDN32,OUT018,2692.1989377342593
FDK38,OUT049,2461.4464457743065
FDR25,OUT018,3965.490200920992
FDD50,OUT017,2800.447671822063
FDW32,OUT045,1393.484676931843
FDS39,OUT013,2342.9545605461494
NCQ17,OUT027,3901.8941281315538
FDO03,OUT045,3612.9364898029444
FDE41,OUT046,1419.7973793512665
NCX42,OUT019,655.9369801776799
NCY30,OUT046,2843.8233077481896
FDB04,OUT013,1473.355949886935
FDQ52,OUT049,3999.9414609148607
FDA13,OUT017,778.7917077832972
DRE15,OUT017,1321.7946665959876
FDU58,OUT045,2932.7554523613667
FDI04,OUT019,1261.652591227115
NCK05,OUT046,975.170913746854
NCB19,OUT035,1535.3576466426537
FDX28,OUT018,1399.2567943043978
FDJ36,OUT010,-262.8937002074832
FDO11,OUT027,5392.205958947101
FDU19,OUT035,2920.7627998487487
DRE13,OUT027,2820.506284873647
FDD35,OUT013,1974.826151179453
NCM43,OUT019,651.1969843240073
FDL46,OUT035,2108.7174419093144
NCL29,OUT049,2543.1136541518094
FDZ13,OUT018,665.0209379935393
FDP09,OUT035,3559.472501891673
FDF12,OUT017,2480.5216310550177
NCS29,OUT013,4178.942962198613
NCP30,OUT045,607.4073295730935
FDF26,OUT010,562.2422904926237
FDT21,OUT013,3950.778169053622
NCJ42,OUT046,1664.410638158669
DRN36,OUT045,1440.8388670440272
NCN07,OUT049,2120.148639834983
FDV10,OUT017,885.2352425812517
FDV50,OUT049,2062.5534305248275
DRL59,OUT035,1077.9940397771759
FDS55,OUT045,2332.450195219688
FDR37,OUT013,2992.405424317019
NCS54,OUT018,2567.9502839309735
NCU30,OUT035,2735.374590266114
FDC60,OUT019,-452.7565410358892
FDE11,OUT027,4375.660999553303
FDC34,OUT018,2298.58480719175
NCC31,OUT049,2543.102002922115
DRI25,OUT045,845.3077357390158
DRJ01,OUT018,2289.4197769137004
FDZ23,OUT049,3086.009501831669
FDS40,OUT013,721.4195403464951
FDZ49,OUT046,3491.2576852013362
FDA50,OUT010,-385.88630912313795
FDW50,OUT013,2695.6912904051837
FDF45,OUT049,1079.2790042779045
DRG51,OUT017,2715.883573835691
NCH43,OUT019,1460.8237760210282
NCG55,OUT013,1865.2258133950118
DRJ23,OUT010,1054.6801849708172
FDB33,OUT035,2751.1120492900404
FDS56,OUT013,4217.978299626025
NCK17,OUT013,703.3661594876805
DRJ25,OUT017,901.6320260677596
NCP06,OUT035,2575.5263370612997
FDQ01,OUT035,4197.483013813677
FDW09,OUT010,-573.2634355393801
FDM46,OUT027,2927.759532501128
FDR31,OUT049,2409.237554566784
FDJ33,OUT027,3410.3515101850144
FDL13,OUT049,3755.6893823350188
FDD46,OUT013,2489.5202772296193
NCT42,OUT045,2268.3592214320192
FDD26,OUT035,3108.8537850461694
NCN41,OUT010,34.311852434449634
DRC36,OUT046,2799.672070879859
NCO14,OUT013,745.2774398377538
DRF25,OUT035,772.3533372263894
FDI41,OUT017,2508.3868750995757
FDY04,OUT035,2797.8277149892137
NCT06,OUT018,2396.9822163316803
DRN35,OUT046,642.7317052412683
FDW24,OUT010,-1069.1948803000441
NCP43,OUT035,3003.376701236364
FDL20,OUT019,-107.41463475248622
NCK06,OUT010,-4.147317722787989
FDR34,OUT017,3749.0113494311927
FDE04,OUT018,2672.657275842389
FDW24,OUT027,2294.9315975440513
FDJ09,OUT035,992.3661424421807
FDO10,OUT045,925.1278586596525
DRB24,OUT049,2515.0728297038245
FDA21,OUT049,3038.249216832426
FDO52,OUT049,2838.734712453706
NCP55,OUT010,-1008.9888288347788
FDN28,OUT046,1703.3782320477887
DRL37,OUT045,640.938287619225
FDO37,OUT035,3838.8621381098
FDE04,OUT035,3100.0438297812857
FDU45,OUT046,1879.433947937595
FDH45,OUT019,-1159.9854712523652
FDP60,OUT017,1762.4975659075271
FDB53,OUT045,2284.8700304061686
NCB42,OUT035,2026.9510723227568
FDZ26,OUT035,3962.893070833232
FDO16,OUT010,-553.8102944429028
FDT26,OUT049,2042.1516871685053
FDR04,OUT017,1713.5278822583207
NCB55,OUT045,847.2991078866465
FDV15,OUT018,1419.8941900067439
FDW34,OUT013,3888.8742099564706
FDW38,OUT027,2373.0678382003616
FDI52,OUT018,1733.2556868709091
FDX36,OUT017,3696.2327457603014
NCE42,OUT027,5115.102295141493
FDI22,OUT046,3300.597209631121
FDM15,OUT017,2563.447820477689
NCC18,OUT035,2845.255647703911
FDX50,OUT018,1543.5136104529806
FDX38,OUT010,-1100.4709201536796
FDH58,OUT013,1912.9250138285483
FDD58,OUT035,1793.7595316873967
FDC50,OUT046,1581.6690237347282
FDE21,OUT045,1807.0893531740908
FDS03,OUT046,1082.0285657487827
FDZ35,OUT046,1724.6360509558544
DRH51,OUT019,-494.515483181924
FDI02,OUT018,1638.6457596895536
FDV12,OUT013,1671.246726139796
FDD58,OUT019,-274.3392397804379
NCP05,OUT045,2353.6091967072225
FDX11,OUT013,2911.1974674749895
FDC58,OUT017,869.3006877609039
FDW23,OUT013,675.277564757386
FDN03,OUT046,3997.1935456150322
FDT37,OUT013,4067.7406514888216
FDV44,OUT049,3136.522780461401
FDO24,OUT010,559.8164858959216
FDJ15,OUT049,3036.3410766953284
FDV07,OUT027,3239.8423391430133
NCQ43,OUT027,3140.0703885711646
FDJ60,OUT049,2737.774519852122
FDW15,OUT013,2409.8264398025653
FDR28,OUT035,2840.50052281911
DRB48,OUT013,712.5458609529901
FDT03,OUT045,2891.554470988737
FDE51,OUT046,784.6833174965004
FDQ48,OUT035,1805.725396840853
FDW02,OUT046,2074.0523955709327
FDW24,OUT035,1008.2315965283444
FDZ20,OUT049,4074.9639038957903
FDC20,OUT017,1064.6965227146732
FDI19,OUT046,3859.625908613685
FDF11,OUT017,3920.227905559306
FDH33,OUT019,-1154.816812771046
NCQ02,OUT013,2961.371901239993
FDP04,OUT049,1135.5724161071066
DRG49,OUT017,3936.773689072232
FDA43,OUT010,1153.3445698294972
FDU46,OUT017,1557.3907821340713
NCV17,OUT049,2129.4560273727616
FDO58,OUT046,2683.3380868535296
FDP11,OUT045,3381.9725631438146
FDQ40,OUT046,2876.6124322610285
NCJ30,OUT045,2611.6625426534033
FDX09,OUT018,2606.1920484649163
NCX54,OUT045,1613.0733611573048
FDG12,OUT027,3445.761617811492
FDX25,OUT035,3043.043455624245
NCI54,OUT027,3136.740088901197
FDW39,OUT019,937.2655586319001
FDB40,OUT045,2318.1962231014095
FDY28,OUT017,3508.6069699431737
FDL43,OUT013,1320.7024744892751
DRK59,OUT045,3573.812144298691
NCR05,OUT027,4551.873302097514
FDG32,OUT017,3583.1832231397384
FDR19,OUT013,2366.188279860415
FDT15,OUT046,2984.270454052506
FDV14,OUT013,1496.6753018852603
NCD30,OUT045,1469.1765697269573
FDN08,OUT027,3328.88166846467
FDU47,OUT045,2221.8133447365835
FDX10,OUT046,692.2806341427595
DRI03,OUT018,2571.684053277929
FDB51,OUT035,1239.3188894547807
FDH48,OUT019,-493.3402651987434
DRC27,OUT018,3621.38711475077
FDF47,OUT049,3592.6718426034827
FDU28,OUT018,2778.3756370205806
FDU21,OUT017,758.4578800288566
FDE28,OUT010,1725.0516563852998
NCY06,OUT027,3482.7244121930316
FDM16,OUT018,1066.6293047444688
FDQ13,OUT013,1402.5092716973404
FDC60,OUT010,-506.0481307371764
FDD16,OUT010,-678.7584189685416
FDU60,OUT010,798.0682412157493
FDU50,OUT027,3283.666083658768
NCM05,OUT049,4151.297914174451
FDU40,OUT035,3259.397846075352
FDB57,OUT035,3726.9684823300777
DRJ59,OUT049,720.1239375578406
FDM51,OUT035,1864.4431099673743
FDR48,OUT035,2600.739240915564
FDX32,OUT035,2489.6126319260643
FDT37,OUT035,4195.996162710849
FDF16,OUT049,2418.177124897049
FDB40,OUT027,3827.935778968211
FDJ40,OUT013,1825.203388225834
DRE25,OUT017,1560.2905704519203
FDF56,OUT019,947.3374629992772
FDK28,OUT010,2093.738063565682
FDP19,OUT045,1987.9392512280438
FDB39,OUT019,-931.1036804551339
FDJ60,OUT017,2747.7579528776155
FDF24,OUT018,1180.8204404501428
FDG29,OUT046,770.6783882246862
FDJ55,OUT010,1658.8097097549562
FDZ43,OUT027,5271.771465315961
NCG30,OUT019,51.30658395527689
DRJ49,OUT035,2192.2785905371343
FDD50,OUT013,2703.6411944114966
FDR33,OUT019,-108.03464516218435
FDK40,OUT045,4085.04881247257
FDJ45,OUT035,799.7726835799155
NCN41,OUT018,1725.0732839692314
FDR11,OUT035,2714.482025486562
FDW19,OUT017,1923.2017013632344
FDZ04,OUT013,1072.1490408311158
FDR33,OUT049,1826.9822848670635
FDU44,OUT018,2420.757881595887
FDF24,OUT035,1571.1745205205614
FDQ24,OUT017,4093.5788181944763
FDT33,OUT049,2788.594481987087
FDI36,OUT046,3218.6083907098687
FDH17,OUT045,1560.053903387775
DRI13,OUT018,3199.7116736466505
NCE54,OUT035,1403.754648112819
FDZ28,OUT045,2034.8966950719541
NCG07,OUT013,2982.140119522425
FDH09,OUT049,957.4660522140932
FDW26,OUT013,3555.124564865524
FDB45,OUT018,1489.4987164545353
DRD01,OUT035,1114.8722206354184
FDH57,OUT010,217.1113532398507
NCV42,OUT017,1853.7447078477103
NCS54,OUT035,2927.4239055076914
NCX29,OUT035,2465.8436750989367
FDS12,OUT017,2124.9258125328874
NCG54,OUT027,4126.464014021721
FDX31,OUT017,3812.6708951500605
NCK07,OUT049,2656.7234274202874
FDG57,OUT018,607.8871959154221
FDM08,OUT035,3736.071719332541
FDA01,OUT018,808.2935260910078
NCD19,OUT046,918.4696477479049
FDG35,OUT018,2617.5348453479473
FDO50,OUT017,1575.5945833694618
FDU22,OUT017,2027.2772286628601
NCG43,OUT013,1508.8109571508912
FDS52,OUT010,-264.34779046005167
NCT18,OUT027,4275.940211286888
FDH47,OUT013,1613.589515011412
NCP29,OUT035,1185.0376428060888
FDY33,OUT017,2669.0320250319514
NCD54,OUT046,2284.7642032730573
FDU21,OUT045,558.988679332303
NCM43,OUT049,2645.203105259901
FDX49,OUT035,3853.2790873951976
FDI12,OUT046,1509.6442045604906
FDH24,OUT035,2686.8455174938954
FDO45,OUT045,1425.4079522385694
NCI06,OUT018,2587.8598950158485
FDZ57,OUT017,2200.2105607944536
FDA43,OUT018,2855.1936090165977
NCY53,OUT018,1529.4535682020373
FDK22,OUT018,3194.8263679658467
NCF18,OUT045,2925.053595624868
FDU20,OUT019,84.06448870507609
NCM19,OUT046,1798.7719613489885
FDJ12,OUT049,3407.305468439966
NCL54,OUT045,2673.3321908597154
FDB14,OUT045,1485.8973813278835
FDW50,OUT035,2848.634013743617
FDE36,OUT017,2720.6251776368317
NCD55,OUT010,-1217.2818192570126
FDT50,OUT035,1756.6780984863408
FDA56,OUT045,1883.2533658136542
FDZ26,OUT010,1824.9937894342293
FDQ36,OUT035,830.7315749400542
FDY39,OUT018,2693.390048484429
FDZ37,OUT013,1518.1153390679124
FDD17,OUT049,3848.080476324924
DRI03,OUT017,2873.6514905987788
FDB40,OUT049,2447.498654469853
NCW18,OUT013,3756.8612481487
FDY60,OUT010,407.24056418326916
FDC09,OUT010,-235.6546537209091
NCO02,OUT018,828.1249160679281
FDR44,OUT010,199.46815041857587
FDC50,OUT010,-437.1294081579953
FDK15,OUT010,-347.9897823027528
FDC29,OUT018,1651.9394902264748
NCH55,OUT045,1948.6843297176447
FDU23,OUT035,2782.648654739801
FDI46,OUT049,4065.3388704398403
DRD24,OUT046,2287.5849267312456
FDD44,OUT049,4144.055961922404
DRH15,OUT046,702.3151358018388
FDZ45,OUT049,3190.9849735821786
FDJ48,OUT046,3934.238436296299
NCO17,OUT049,1926.9229827048084
FDC60,OUT046,1483.2651837777178
NCQ43,OUT046,1712.1553041676852
FDT26,OUT035,2123.595948993964
FDS07,OUT013,1841.6284016696873
FDM21,OUT035,4265.721233723351
FDA36,OUT019,1026.31738946198
FDP25,OUT027,4882.747961721027
FDO28,OUT027,3391.749442728885
FDD11,OUT027,5459.711724500656
FDY33,OUT046,2590.1360083101545
FDH60,OUT027,4569.721301936145
FDS33,OUT013,1519.743683932375
FDB15,OUT035,4332.910142588498
FDG21,OUT019,502.39588023214526
FDT27,OUT045,3659.324109842843
FDD28,OUT017,1122.4277810526983
FDP07,OUT013,3157.4102505198794
FDV52,OUT049,2022.4483760005487
NCC54,OUT013,3773.341197793898
FDB15,OUT049,4208.227041940056
FDO04,OUT027,2354.2831440540035
FDA28,OUT035,2235.58570571887
NCV05,OUT046,2428.0436351144067
NCI17,OUT018,1251.2735100910645
FDX26,OUT010,983.6002155941187
FDD17,OUT035,3929.8341778616455
NCX41,OUT018,3094.4638202218334
NCR17,OUT035,1980.4548276839541
FDX19,OUT013,3744.2943512442407
NCW30,OUT017,4119.597822110088
NCE19,OUT035,1050.4028526276504
NCL17,OUT018,1977.5858203858484
NCD55,OUT017,777.532340189408
FDU38,OUT017,3163.502152167383
FDY26,OUT027,4809.89340141348
NCM30,OUT018,477.84360757547734
NCL29,OUT045,2413.8001986162103
FDX01,OUT049,1935.3002359128545
FDG38,OUT045,1387.4779991593946
NCW17,OUT018,1808.9995215591107
FDF41,OUT018,3638.804487178915
NCI43,OUT035,934.2479147779125
FDO49,OUT019,-1022.232410548908
FDX45,OUT045,2435.585964234619
FDF22,OUT045,3333.861359901089
FDL46,OUT018,1678.210650948733
FDM40,OUT046,2296.5842613100313
NCY53,OUT027,3181.867038288068
DRL60,OUT019,468.87499032414723
NCA06,OUT046,631.7742662349425
NCU41,OUT013,3011.885177729391
FDQ44,OUT017,2083.4331199300927
FDW56,OUT017,3123.2855319459322
FDQ21,OUT018,1740.9005425511427
NCZ29,OUT045,1944.870968064763
FDR25,OUT045,4138.9898934846115
FDA01,OUT046,1052.90721969917
FDK20,OUT046,2062.1149944044496
NCX30,OUT018,3655.066273158202
DRQ35,OUT018,1702.826284063355
FDF29,OUT027,3536.8651122105894
DRH59,OUT049,1231.274548320993
DRM23,OUT017,2804.1107819777767
FDT28,OUT045,2355.986035607382
FDS36,OUT049,1908.6504981364697
FDZ33,OUT049,2443.2683122825265
FDN01,OUT049,2888.8080185129925
FDY47,OUT013,2131.541585086369
FDZ01,OUT010,-235.85701203510973
FDH40,OUT027,2768.4400807241645
FDI27,OUT017,886.3589197410583
FDE17,OUT010,541.6794718073464
FDV23,OUT019,94.8696906054821
FDJ02,OUT035,2546.951078711375
FDN34,OUT049,2783.568602138889
FDV36,OUT010,108.19629251101139
FDT31,OUT046,3030.983922743639
FDD09,OUT045,2850.362536626823
FDE08,OUT049,2422.350817569326
FDA07,OUT010,74.74245565721583
FDS26,OUT027,5542.371317754646
FDS03,OUT035,1254.0332594471083
FDR51,OUT045,2361.841633403368
FDF22,OUT017,3450.0078661201555
DRJ11,OUT049,3028.0155558569245
NCQ06,OUT013,4024.3445717992354
FDA04,OUT027,5556.075014823235
FDU14,OUT035,4097.842109345123
DRH03,OUT010,-466.50957182161596
FDV28,OUT013,632.4447481563541
FDB52,OUT045,4000.5931959142226
FDI07,OUT017,3260.525426965869
NCH42,OUT010,1627.8063405529638
FDE51,OUT019,-1146.8354130305638
FDX11,OUT045,2830.2144360676552
FDS56,OUT049,4235.477400816665
FDW01,OUT035,2626.0524565999713
FDZ60,OUT035,1886.380269515096
FDT32,OUT010,1091.7268138472564
NCG07,OUT027,4418.714767669924
NCY29,OUT013,922.5853669866278
FDZ45,OUT045,3066.306310582632
DRE60,OUT035,3682.452560543677
FDR16,OUT049,3477.064166729695
FDP23,OUT045,3395.437844368188
FDR45,OUT045,3713.0617399399775
FDY40,OUT018,670.2117798673934
FDQ31,OUT035,1626.740405269452
FDY38,OUT045,3604.706120035601
DRL37,OUT013,766.6437527861212
FDP33,OUT019,2124.536082880259
FDP51,OUT018,1725.4973119619422
FDO25,OUT035,3450.1384329261814
FDE51,OUT010,-1140.2418988621862
FDC14,OUT018,525.7315199720421
FDS52,OUT027,3107.3676229296752
FDH34,OUT027,4406.575188744174
FDX12,OUT045,3754.65898338788
FDS16,OUT045,2301.65969158469
FDV04,OUT010,556.356429096755
FDO27,OUT045,1494.675580702235
FDF16,OUT017,2452.8322499065657
FDS20,OUT045,2825.1452471517205
NCE42,OUT013,3700.170708917076
FDR60,OUT046,1267.4704994065412
FDU08,OUT027,3066.5716823393377
FDP24,OUT017,2050.034269318178
FDN58,OUT027,5115.489413148137
DRI37,OUT017,1035.7361903422056
FDA22,OUT027,4104.784603578681
FDG22,OUT046,684.4870429565972
DRI11,OUT018,1613.4840610095096
FDF05,OUT027,5565.356311173052
FDB08,OUT049,2607.6486788685024
FDF53,OUT046,2896.8618936442276
DRJ59,OUT046,703.6261144779518
FDC51,OUT049,2073.1138834348803
FDS51,OUT049,1110.1583875555655
NCP29,OUT046,1020.748125109212
FDY45,OUT035,4173.971566735978
DRH13,OUT046,1719.3016404364803
FDD02,OUT013,1936.350588488658
NCJ18,OUT035,2023.6147441668313
DRF01,OUT049,2359.372450680927
FDT38,OUT049,1446.8049479151737
FDB15,OUT010,2185.27105755668
FDH40,OUT046,1365.2522018834204
FDY56,OUT010,1681.951914908679
NCV42,OUT010,-182.23255782765955
FDA14,OUT046,2396.3684873535262
NCR42,OUT045,499.732264136435
FDO23,OUT019,-390.7536703484981
FDZ10,OUT013,2052.705234479775
FDV13,OUT018,1281.7840249844207
FDI50,OUT035,3823.2281759958223
NCH54,OUT010,589.5710622294524
NCO43,OUT046,1620.7893153714826
NCY29,OUT019,-1012.487451666375
FDZ52,OUT018,1583.0775953648074
DRJ25,OUT018,534.8900668522574
FDC04,OUT045,3755.460514426919
FDY01,OUT035,2056.8725728432064
FDW43,OUT049,3695.9834530597213
NCS53,OUT017,2597.1429410653864
FDG50,OUT010,-453.94647645113866
FDZ10,OUT010,133.3711931940237
DRE27,OUT049,1611.465924073464
FDB56,OUT046,3029.9092594340727
FDC45,OUT045,2661.213473698731
FDM45,OUT046,1974.648623045081
FDK03,OUT018,3834.1107287654913
FDT11,OUT027,4474.988288970094
FDL51,OUT046,3447.2955166652114
NCH18,OUT027,5258.3551068430415
DRD24,OUT018,2002.8663230322163
FDN01,OUT027,4263.1627556607245
FDV13,OUT013,1485.2379997919008
FDP16,OUT049,3966.6887161355025
FDH24,OUT046,2547.252647157387
NCA53,OUT017,872.4312383413834
FDU22,OUT013,1946.8071179429899
FDX57,OUT010,-285.76312035770104
FDX34,OUT045,1871.471200045219
DRF37,OUT017,4171.6456212197845
FDK36,OUT046,852.3155254112187
FDZ21,OUT046,1645.2352646275167
FDU08,OUT018,1367.9198825306703
NCZ06,OUT046,3945.37194647546
NCN54,OUT018,1000.4556867449446
FDT48,OUT018,2931.303624277115
FDB49,OUT045,1568.154202156358
DRA59,OUT046,2930.875221711484
DRL35,OUT027,2135.7587685783965
FDP56,OUT017,955.305924437991
FDB16,OUT046,1437.7060939418534
DRJ01,OUT027,3948.116851616649
NCA17,OUT045,2292.413198022375
FDA23,OUT046,1663.3370449330773
FDQ58,OUT049,2529.810069848072
FDN45,OUT035,3684.581762949335
FDF20,OUT046,3151.208354467095
FDT45,OUT018,726.049508286409
FDX04,OUT035,1027.8629971683051
NCN29,OUT049,855.0195032805744
FDY36,OUT027,2678.8150606655554
FDS32,OUT046,2316.3439599919334
FDT04,OUT035,876.3443178264039
FDA08,OUT045,2586.546343315582
FDQ13,OUT049,1447.802562026375
NCP18,OUT045,2286.1983287878415
FDJ21,OUT018,2157.4614470438896
FDE32,OUT018,452.74780645309124
NCP17,OUT010,-872.0301005258452
DRG37,OUT045,2368.426655472929
NCU05,OUT010,-644.6798681457549
FDT22,OUT049,1041.2750380591754
FDE32,OUT013,724.1299327397844
FDK58,OUT018,1433.0813099070474
FDN50,OUT049,1638.8594921233146
FDU20,OUT027,3446.505939874144
FDQ07,OUT049,3570.9426851242765
FDC20,OUT046,950.2138007062254
FDH33,OUT046,793.2003059859786
FDG24,OUT035,1534.4650158279153
DRF36,OUT010,1055.1050494488973
FDX57,OUT027,3042.775406793162
FDS49,OUT017,1414.631148525323
FDW36,OUT027,3161.908883798681
FDQ45,OUT035,3130.0251477761326
FDR46,OUT018,2088.09651837279
FDA19,OUT046,2087.505563107407
DRM23,OUT010,766.765757674926
FDA15,OUT027,5380.298757250938
FDA02,OUT049,2435.1304796907
NCP18,OUT018,2162.1340831638986
NCN55,OUT018,3534.9237210589927
NCR05,OUT035,3254.3527083030085
DRL35,OUT017,802.3405436138609
FDF16,OUT010,393.4194918203174
FDH17,OUT017,1745.6810681775576
FDZ15,OUT027,3345.735545133238
FDW39,OUT035,2987.78464288926
NCZ42,OUT035,3855.451410765931
FDU15,OUT046,687.0999609990146
FDS44,OUT049,3849.120426725603
FDJ20,OUT010,83.5225455385638
DRI49,OUT046,1314.6729840992168
FDR58,OUT018,1296.331481415762
FDA51,OUT013,1851.1949554481255
FDY07,OUT010,-1123.1013396350213
NCQ53,OUT027,5114.968609964078
FDC17,OUT018,3143.325965286041
FDK46,OUT018,3843.1174994412772
FDY31,OUT035,2544.0695789650213
FDY47,OUT018,1875.5863639031977
FDW48,OUT019,-536.512220544767
FDF10,OUT013,2419.5796900349897
NCO30,OUT017,2976.452411259553
FDE28,OUT049,3693.6629872260182
FDE16,OUT018,3112.51799538203
FDZ13,OUT045,820.0072225104233
FDV25,OUT019,1567.3472061298685
FDJ22,OUT019,1128.9650778944542
FDC40,OUT049,1408.9291739459607
FDR48,OUT013,2446.136768476625
FDN57,OUT035,2454.008793962217
FDP27,OUT035,3186.5635165139893
FDP28,OUT017,4239.59355573217
FDN40,OUT017,2535.0105981549495
FDW55,OUT027,5369.370502327478
FDS32,OUT010,354.97505202774425
DRB48,OUT049,736.2254489729266
NCY53,OUT013,1777.1473249698497
NCX05,OUT018,1570.0919090997377
FDR58,OUT046,1534.9527089486353
NCN30,OUT018,1336.7909008640445
NCS06,OUT013,4130.968040792118
FDR23,OUT017,2877.455227821082
FDM50,OUT027,2485.177398934552
FDP49,OUT049,1016.8726354217624
FDN16,OUT017,1790.5982138342013
FDC52,OUT019,548.9999993316541
FDA13,OUT013,732.824695393958
FDJ09,OUT046,786.4120254462089
FDF21,OUT027,4454.527957244485
FDB53,OUT027,3782.4615532791086
NCQ02,OUT049,3002.036939713359
FDP56,OUT027,2254.807700311154
FDQ32,OUT035,2221.647366977677
DRE03,OUT010,-1171.4768101729283
NCO54,OUT027,2362.510037143029
FDF34,OUT017,3269.9805014657704
FDF39,OUT013,4187.716009879697
FDD39,OUT013,3481.3130156838697
FDY51,OUT027,4926.456452989428
NCN42,OUT018,2110.181206223179
NCM42,OUT049,1806.7974917919091
FDA49,OUT049,1502.4021551170822
DRH36,OUT045,1133.3715092872762
FDG33,OUT049,2779.999095776701
DRD37,OUT013,784.1975498749056
FDS22,OUT046,825.6872899795927
DRD01,OUT017,1031.0687505588023
FDI45,OUT017,2871.7884786738073
NCL53,OUT035,2912.3626225212124
FDY27,OUT046,2850.116654792015
FDS48,OUT027,3837.8286480955503
DRG15,OUT049,1022.2771079427296
FDO25,OUT018,3076.665454532993
FDW16,OUT049,1627.7173346419495
FDD17,OUT013,3796.6254523132625
FDJ60,OUT045,2576.056976939669
FDT31,OUT017,3142.394303103247
FDY08,OUT045,2172.9864573561717
NCW41,OUT045,2447.2418491833173
FDK50,OUT017,2671.018842591858
FDT12,OUT013,3652.295265416077
FDW21,OUT035,1871.6360006588964
FDK58,OUT046,1707.0012973864816
NCF42,OUT013,2767.822731634755
FDC28,OUT045,1708.386655747206
NCB55,OUT046,957.0810611047116
FDG21,OUT049,2449.3009200768497
FDD23,OUT049,3062.3753551314717
FDK09,OUT019,1676.2286728264003
FDF26,OUT027,3913.836586155101
FDI46,OUT046,3993.300762578833
FDL51,OUT013,3466.3522025091293
DRE01,OUT010,1798.8626009895643
DRE27,OUT045,1480.6072221554564
DRJ59,OUT045,613.9698617677244
FDO32,OUT027,2207.1303946245
FDS27,OUT049,3233.1667891414804
NCJ54,OUT045,3569.4022182806057
FDR47,OUT010,1192.6789861409225
FDC35,OUT018,3025.0053222235606
FDX01,OUT027,3311.130726492638
FDE14,OUT018,1429.4212283467584
FDC20,OUT019,-957.0415540728587
NCL31,OUT027,3662.8075526915527
FDA20,OUT017,3057.3721382934277
FDA55,OUT019,1681.717825576657
FDW24,OUT045,800.5800374275315
FDZ26,OUT027,5195.685897531414
FDY10,OUT027,3273.820530111134
FDY51,OUT046,3501.659960203015
FDD52,OUT035,1936.0945601716617
FDY09,OUT017,2883.9356417341214
FDF20,OUT049,3195.4809618131167
FDL36,OUT019,-423.70058240691776
NCN41,OUT019,3.772238412932211
NCC43,OUT049,3945.1283262634142
FDD08,OUT035,846.8615492315281
FDH41,OUT045,3322.56466873738
DRD25,OUT018,1528.1998866531806
FDD11,OUT045,3915.98473902901
NCR38,OUT049,4008.510097567353
FDJ04,OUT013,1933.6133267697132
NCL30,OUT046,2033.8182528337747
NCM29,OUT046,2102.978997661909
FDO44,OUT045,1716.7727056748602
FDU49,OUT018,1226.5257113704429
NCQ53,OUT046,3693.3246994477367
FDV26,OUT049,3182.9006251022547
FDP36,OUT018,678.9205633925847
FDZ48,OUT046,1845.3844165200824
FDV51,OUT017,2751.3232606941815
FDJ55,OUT013,3639.8710623943557
FDF16,OUT027,3775.574736150382
NCN07,OUT018,1840.5406404816786
FDB03,OUT049,3877.1184232325154
FDA56,OUT049,2054.225170694059
DRD27,OUT045,1506.8511552333907
NCC30,OUT013,2803.4969948945973
NCO26,OUT035,2013.5197534270292
FDS27,OUT013,3203.3075024051554
NCK05,OUT027,2423.1130860304283
FDZ52,OUT013,1854.514833073708
NCO26,OUT049,1898.1193735036823
FDI45,OUT035,2950.9318387439284
FDF44,OUT049,2191.135644367445
FDC44,OUT046,1859.7616115083822
NCS54,OUT027,4227.985636277165
FDA20,OUT018,2732.270337244349
FDO01,OUT045,2053.68832433331
FDQ15,OUT049,1428.9806570169699
FDI20,OUT019,1449.6253074279252
FDU46,OUT049,1553.5344147989385
FDS10,OUT010,923.693854293188
DRL23,OUT035,1854.564593250437
NCH07,OUT035,2636.2175449865936
FDM32,OUT046,1529.551995186397
FDU19,OUT046,2821.294821768076
FDX43,OUT046,2646.8078697158617
FDZ39,OUT035,1859.701081883418
FDL02,OUT019,-156.24367197041704
FDU31,OUT049,3559.9650978484306
FDU46,OUT013,1478.9185744870967
FDW44,OUT017,2833.900777951206
FDD29,OUT018,3776.6211401260434
FDR57,OUT046,2549.364330628924
FDW01,OUT013,2503.3103412904898
FDH44,OUT046,2397.6961678324283
FDX13,OUT046,3953.7174378576647
FDW34,OUT027,5296.111197369653
FDX07,OUT045,2868.250686000057
FDW28,OUT027,4525.365645867982
NCI29,OUT046,2272.930496103735
FDX03,OUT049,912.3790609166917
FDY57,OUT045,1510.5532628566443
FDD50,OUT046,2690.740577907593
DRB13,OUT010,1066.6763757317622
FDO01,OUT046,2164.9514510110394
FDZ19,OUT017,2882.1872006727463
FDN13,OUT046,1636.1042878127653
FDY12,OUT010,-1072.1000733976198
FDY19,OUT013,1914.926198862293
FDE46,OUT019,503.91904527055146
FDM38,OUT013,961.7867596598524
FDE24,OUT035,2428.686389769424
NCO29,OUT018,2351.737083178264
FDZ59,OUT049,2732.8366464877104
FDA49,OUT027,2875.2031152169257
NCO29,OUT013,2592.2353774101653
DRG01,OUT019,-647.957526680738
DRH37,OUT045,2535.121745394486
FDF59,OUT018,1785.6824492243695
FDI46,OUT045,3908.250019193843
FDL39,OUT017,3020.280069655115
FDW59,OUT017,1529.0201491916962
NCP42,OUT017,3153.869049148779
FDI14,OUT049,2353.2363457125166
FDH10,OUT035,3266.1550836053857
FDK27,OUT049,2005.0047111720814
FDW45,OUT045,2324.0041485271126
FDY40,OUT010,-1084.1253081494467
FDR19,OUT049,2439.1831678827266
FDJ03,OUT013,900.7562463941047
FDR43,OUT018,424.23244116458466
NCM43,OUT035,2760.581579803861
FDY45,OUT027,5481.321597922835
FDL33,OUT045,3005.549000271529
DRE49,OUT049,2497.4163874962574
FDW32,OUT035,1613.5102485814905
FDB46,OUT018,3132.1132436234047
NCG55,OUT049,1904.3309873050284
NCC43,OUT013,3944.6338159428033
FDQ40,OUT013,2880.233975251243
FDU36,OUT049,1656.4988680060665
FDN27,OUT049,1975.7663242705075
DRG11,OUT010,-220.97783869842624
FDF12,OUT046,2406.2372370065086
DRE03,OUT049,845.7136856278559
FDH50,OUT018,2683.585429633623
NCN05,OUT045,2817.9006093839553
FDL40,OUT018,1364.6392250402923
FDO52,OUT013,2801.1927103352937
FDX26,OUT027,4304.272263636676
NCL19,OUT045,2199.7928153501866
FDY04,OUT018,2405.9143664752937
NCT41,OUT046,2426.7862417145952
FDZ01,OUT013,1744.6102667546475
FDV13,OUT027,2917.160878575606
FDW07,OUT013,1492.3909245354341
FDR56,OUT017,3237.6464692004283
FDE05,OUT010,440.73680941792134
FDK51,OUT017,4284.571769858557
FDZ56,OUT045,2611.3205395792975
FDY55,OUT046,4056.258863056589
NCW29,OUT019,144.29450424179288
NCF06,OUT049,4136.03194084133
FDM15,OUT045,2363.963290328294
DRB13,OUT017,3126.8674445457796
FDB28,OUT045,3091.410664650307
FDX45,OUT019,547.6266787562475
FDQ23,OUT017,1782.5947864893435
FDV23,OUT027,3451.2079513657072
FDP40,OUT049,1901.0328246829488
FDU45,OUT049,1920.6191665890606
FDM21,OUT049,4107.113070566201
NCG54,OUT018,2443.1428108244895
FDS45,OUT017,1837.0330016714388
FDX46,OUT045,958.5029959442816
FDS34,OUT035,2035.7048359930222
FDB21,OUT017,3918.903584024573
FDE36,OUT035,2781.254235808826
FDU23,OUT010,724.5259062708286
FDV50,OUT046,1985.901820779085
FDO08,OUT017,2772.366372581039
DRK35,OUT049,696.1029257128657
DRK12,OUT013,564.6354734517761
FDZ52,OUT027,3203.1628378820433
NCW42,OUT010,1526.3332485199116
FDY37,OUT013,2348.882574580488
FDS16,OUT049,2464.9209180078683
FDB14,OUT018,1343.2802760384996
FDA46,OUT035,3242.53826881683
FDU07,OUT046,2425.9283885404066
FDF52,OUT027,4361.770192731144
FDS08,OUT046,2827.253766086651
FDY02,OUT018,3912.7947211953265
FDK45,OUT019,-93.44740039952683
FDP20,OUT018,1830.2690184504359
FDR60,OUT027,2715.4688172915958
FDV60,OUT013,3179.7533796788225
FDW45,OUT049,2407.0106774303135
FDN56,OUT045,2283.037614208053
FDT07,OUT027,5508.929773275487
DRI39,OUT017,982.6822073128965
NCV17,OUT017,2142.567754341992
FDU21,OUT019,-1264.1692745283272
NCM26,OUT013,2467.5934859283866
FDU13,OUT013,2336.1855274668014
FDN32,OUT049,3025.812489788161
FDU35,OUT010,-347.542585483072
FDV49,OUT045,4123.72517146168
FDH57,OUT027,3554.741715979021
FDJ45,OUT027,2043.2967187934773
DRO47,OUT017,1896.5876771530152
FDW27,OUT045,2444.281547950973
FDM36,OUT019,866.0022678005192
FDV57,OUT049,2929.431194885002
FDV39,OUT013,3163.548622737563
FDY50,OUT027,2871.3609072516283
DRH01,OUT045,2648.040971357743
DRK01,OUT049,1538.959245054981
FDH05,OUT027,5089.9285800966345
NCL53,OUT010,841.2955932609422
DRF27,OUT049,2468.209154558852
FDD52,OUT018,1564.1127730288922
FDB23,OUT018,3394.8162002971044
NCS17,OUT017,1603.2033284233785
FDM52,OUT045,2305.8346559994534
DRB25,OUT017,1799.5272112910409
FDX15,OUT046,2594.4967416188297
NCL55,OUT046,3992.7176663788878
DRJ47,OUT027,4162.928184418492
NCQ54,OUT035,2798.641403510167
FDP34,OUT035,2641.155709867742
FDL32,OUT013,1866.433917539156
DRN36,OUT046,1565.0154491096764
FDC28,OUT019,-115.86736270796007
FDI44,OUT027,2676.972641625699
FDB45,OUT049,1762.9265378750183
FDK48,OUT017,1351.3146731383213
FDU02,OUT046,3660.4618773507837
FDW59,OUT045,1335.6796843281088
FDI57,OUT017,3258.1561237109026
FDQ01,OUT049,4117.546649918787
FDM58,OUT046,1886.0867147758493
DRG23,OUT027,3807.1312548489923
FDV38,OUT017,994.2989947817434
FDJ20,OUT013,2078.9900243631637
FDU21,OUT049,717.621081861194
FDN34,OUT035,2868.091003934997
NCU30,OUT045,2461.3621702433234
FDY52,OUT019,-892.9956098569721
FDF33,OUT045,1665.3677599646228
FDF28,OUT046,2058.8240962988057
FDK45,OUT017,1922.187094522788
FDW38,OUT017,1010.0786336450708
FDT23,OUT046,1327.5817664614622
FDQ28,OUT027,3912.110240568234
NCN26,OUT013,1911.5093681365151
FDL12,OUT046,1060.8574581559733
NCH07,OUT010,513.6114749033424
FDQ03,OUT049,3817.329256318573
FDB12,OUT018,1488.5655474977982
FDJ45,OUT045,548.8911407614121
NCH43,OUT018,3160.4335304894857
DRM48,OUT046,615.6361583723474
DRK12,OUT010,-1373.237915724579
NCK29,OUT019,28.881077790352265
FDM24,OUT046,2486.6469129485486
NCR06,OUT049,779.0752697381286
NCO29,OUT045,2535.991878746065
FDH10,OUT019,1158.0390535870392
FDL36,OUT018,1224.3370512592962
FDS04,OUT018,2022.4138108370762
FDV26,OUT019,1180.5945165132862
DRC01,OUT045,784.2287799257917
NCE30,OUT049,3403.023548733311
FDJ58,OUT018,2502.646779444404
DRG11,OUT013,1762.8170554482012
FDT24,OUT013,1307.501021806245
FDT25,OUT035,2157.172445793484
FDA15,OUT045,3893.696024462482
FDR20,OUT045,786.9608064895265
FDS07,OUT018,1605.6875291781962
FDY35,OUT035,976.571275825642
FDX51,OUT046,3180.665998788706
FDD38,OUT010,-255.41781966831638
FDL56,OUT013,1446.179479789169
FDS12,OUT035,2153.3148198353933
DRF27,OUT046,2457.887631896272
FDK34,OUT035,3917.791673335143
FDS48,OUT046,2436.238300798962
FDD16,OUT035,1393.8693531631316
FDV32,OUT045,1014.5317071896552
NCC06,OUT046,2033.064959274368
NCQ18,OUT035,1713.676878475503
FDM44,OUT018,1458.0307637896474
FDE41,OUT049,1514.988585041111
FDM04,OUT013,934.959182907267
DRG48,OUT046,2314.8795487274774
DRE49,OUT045,2341.8763433705753
FDM09,OUT046,2748.5506929758435
FDJ53,OUT035,2093.037618364355
FDB50,OUT017,1356.7789861708447
FDW40,OUT046,2354.322260467129
DRA59,OUT019,1006.531414599915
NCJ29,OUT045,1307.5787017926657
FDL10,OUT045,1583.6982565843018
FDX20,OUT019,1687.2266374201376
FDU33,OUT010,-1158.7778245517225
FDX15,OUT027,3969.987144377891
FDY04,OUT027,4064.469817945249
FDP58,OUT019,1504.2189149810524
FDB23,OUT045,3522.0092069311436
FDL57,OUT035,4264.6719508913775
FDR04,OUT027,3048.470710957895
FDL28,OUT013,3719.209233219844
FDQ57,OUT027,3801.635884824068
FDH24,OUT018,2305.754946363974
FDN08,OUT045,1856.059874005393
NCY06,OUT017,2177.015626207378
NCB54,OUT013,2023.1130693783502
DRD15,OUT019,1732.0606056577549
NCM43,OUT027,4017.9404182368926
FDB03,OUT018,3560.4033301669842
FDV20,OUT035,2256.3058447634553
FDL04,OUT049,1777.7850567188011
NCK30,OUT035,4133.747581596514
FDO20,OUT013,4019.1748152494865
FDH24,OUT049,2586.899350786369
NCY54,OUT035,2810.1069397280567
FDD29,OUT017,4094.023119583424
FDK40,OUT027,5588.636669523278
FDX23,OUT013,1578.0927867472426
FDS47,OUT035,1576.5652198796681
FDW26,OUT017,3659.6966969093633
FDY32,OUT045,2537.556850727111
FDJ45,OUT049,693.6334515421426
NCF55,OUT045,518.7001309041701
FDP45,OUT027,5450.826178180501
NCE19,OUT013,902.0925003483571
DRF01,OUT027,3713.808021722206
FDA11,OUT027,2984.806469125867
FDZ16,OUT019,1147.2510292238485
FDP21,OUT019,1157.3388674728308
FDW27,OUT027,3909.4808049217745
DRI23,OUT049,2598.1041524655966
DRE49,OUT013,2422.8058371733973
FDJ46,OUT018,2548.350743730165
NCU05,OUT018,1071.7314009126794
NCN18,OUT027,3179.927542657383
FDY22,OUT046,2347.6537671475135
FDJ52,OUT017,2669.1778447136776
NCL19,OUT013,2300.7817900061063
FDI26,OUT049,2893.4343872567597
FDV11,OUT049,2854.4819194384772
NCB31,OUT035,4263.728843555237
DRG37,OUT049,2545.5727819504796
DRC25,OUT019,-525.9103141713383
FDS13,OUT019,2260.4317900962847
FDA28,OUT046,2108.338187329578
DRC49,OUT027,3725.9014010020483
NCO14,OUT010,-1210.4505346040637
FDE53,OUT010,-185.53490271713565
DRJ39,OUT035,3611.466803270319
FDY26,OUT018,3185.314025906233
FDA57,OUT045,667.0306665167964
FDK55,OUT019,-427.80506209032694
FDG31,OUT027,2521.9512189149045
FDS19,OUT046,1309.3791179528419
FDW60,OUT013,2844.4988928463663
NCC43,OUT046,3947.1751548719394
FDV32,OUT019,-849.174146739778
FDZ35,OUT045,1621.0887590106136
FDB44,OUT017,3469.2367922805893
FDB21,OUT018,3567.593969861947
FDC28,OUT027,3184.244857409396
FDJ48,OUT035,4081.549282843206
FDZ49,OUT027,4933.085676127092
FDM45,OUT045,1884.9618147595295
FDZ28,OUT010,119.85100699216935
FDD47,OUT049,2820.685568429644
FDA08,OUT027,4085.546753494329
FDB26,OUT045,866.9008796817074
FDB56,OUT035,3171.0476373248507
NCP53,OUT013,3758.7903762213127
FDZ33,OUT035,2523.184326445344
FDX08,OUT018,2645.8906683437813
FDK09,OUT027,5078.08107442646
DRJ51,OUT013,3599.1838472123595
NCT29,OUT019,26.58832961107396
FDY57,OUT013,1639.3878435749862
FDS28,OUT013,1034.460729906582
DRC36,OUT017,2860.113082005283
NCK17,OUT027,2116.7784017550457
FDR58,OUT035,1657.5700678111784
FDH33,OUT018,556.2430800973088
FDU24,OUT027,2983.067893333424
FDL45,OUT017,2107.4501904292715
NCA42,OUT013,2533.318756182978
FDO10,OUT027,2431.320128591501
DRJ49,OUT017,2114.708721283639
DRD24,OUT027,3675.288722439077
FDJ26,OUT018,3212.946378854546
FDX12,OUT046,3879.814232299112
FDS04,OUT045,2226.7296536329204
FDU07,OUT049,2456.30218410677
NCH42,OUT018,3354.852650995705
NCG18,OUT018,1391.741285958769
FDX15,OUT049,2644.90067944065
FDQ16,OUT049,1868.1774405391411
FDD14,OUT018,2683.625117582315
FDQ32,OUT049,2070.762509206632
FDP33,OUT046,4039.439026188541
FDH05,OUT018,3472.9478298565227
NCX42,OUT035,2735.322907738812
DRH13,OUT019,-194.11288030958917
NCP05,OUT017,2487.373014335915
FDC16,OUT018,1206.3193866176116
FDR21,OUT046,2853.113061256863
DRG39,OUT046,877.5368946424026
DRF23,OUT027,4129.31710583416
FDQ23,OUT035,1813.8789709425414
FDF57,OUT045,2655.764099381951
FDU20,OUT035,2153.649057324287
NCH18,OUT035,4021.0335813983384
FDP37,OUT013,2114.435696731877
FDV26,OUT018,2916.6144509279816
FDX46,OUT046,1025.0268690005287
NCX29,OUT046,2330.8779177949427
FDS02,OUT017,3193.2733492885986
FDD41,OUT049,1797.974733478657
NCD42,OUT013,678.7288640992198
FDN50,OUT018,1343.8225324431578
FDY31,OUT049,2442.5716578138195
FDZ35,OUT018,1510.91709228782
NCP54,OUT018,1740.044450766863
FDK41,OUT017,1457.9154774184783
FDS01,OUT017,2956.3599498468334
NCZ05,OUT035,1817.0658846830468
FDO08,OUT013,2693.9547471733817
FDV39,OUT019,1233.693059436679
DRE12,OUT035,1936.3197056703516
FDR46,OUT045,2290.9189675799357
DRC49,OUT046,2270.2554416053217
FDX20,OUT017,3708.9107259078287
FDE02,OUT046,1525.634643200979
FDG47,OUT017,4238.3779597164275
FDW20,OUT010,52.833158358076275
FDS27,OUT017,3230.8487387734767
NCR05,OUT017,3212.226860434548
NCO41,OUT027,2976.793715187163
FDG24,OUT049,1434.5214450767428
FDE50,OUT027,4485.696883468502
NCO06,OUT027,2003.8435141247683
NCX41,OUT049,3372.5195670878884
FDV52,OUT046,1950.4263250643821
FDP09,OUT018,3144.4175847650936
FDX40,OUT019,-1223.6762120052326
FDI40,OUT045,1587.9402306241052
FDK27,OUT035,2155.875191136623
DRI39,OUT035,1095.8544044401024
FDW34,OUT046,3885.2527486235103
FDK41,OUT027,2854.8318012382488
FDX13,OUT013,3949.6245953674625
NCW18,OUT049,3778.9795179748103
DRH59,OUT046,1221.0956918697275
DRE25,OUT046,1484.4515470989809
DRI01,OUT046,2756.982755343428
FDV15,OUT027,3134.2110433750613
NCS17,OUT049,1533.0471222163728
NCD06,OUT017,833.810413232212
FDJ04,OUT018,1648.2601594687696
NCQ06,OUT027,5389.917795531927
DRK01,OUT018,1256.2496803883287
FDZ26,OUT017,3892.8733371055428
FDK46,OUT045,4013.4911492181154
NCF31,OUT045,2324.2823962419006
FDC48,OUT035,1524.7528313454034
FDT14,OUT018,1751.541342816031
FDU23,OUT049,2710.481874221035
FDI58,OUT046,1572.4578660729226
FDH21,OUT013,2583.858849680165
FDS11,OUT035,3758.252578156705
FDP19,OUT010,122.85380272138707
FDI58,OUT017,1671.4496641284068
NCB42,OUT017,1916.9787402996008
FDW13,OUT010,-1075.8259966445949
DRH37,OUT017,2662.083474716398
NCM05,OUT010,2148.928289514841
FDD57,OUT035,1758.5778544377408
FDW52,OUT049,2698.4675486297333
NCZ29,OUT013,2007.312180611752
FDC48,OUT046,1422.1995219827074
FDO45,OUT046,1524.3322869144488
FDL50,OUT049,2121.305187653963
NCJ30,OUT017,2754.026328535576
FDJ56,OUT049,1673.6080282789337
FDR07,OUT027,3021.531688505147
FDU07,OUT019,495.7994266985992
FDN12,OUT027,3266.045222542305
FDS35,OUT017,1168.8867128988998
NCN05,OUT035,3065.6669282356365
FDQ55,OUT035,2066.3156535344524
DRC36,OUT027,4192.02082599919
FDK36,OUT035,1004.2542507736844
DRE12,OUT013,1817.3290265428273
FDT39,OUT017,2576.3124806002193
FDB50,OUT018,1044.053774361973
FDB49,OUT010,-309.80026474371573
FDH38,OUT046,1904.8853038357001
FDH09,OUT045,848.2215624704517
FDM20,OUT013,3908.490281637275
FDX33,OUT049,2629.8960624790507
NCG06,OUT046,4045.2115314642706
DRI01,OUT018,2478.350526470514
FDE02,OUT019,-426.934304759685
DRI47,OUT049,2339.192970729257
FDA27,OUT049,4113.507011179815
FDK04,OUT046,1011.7023456380384
FDV07,OUT017,1893.9376114151244
NCU05,OUT049,1352.896376395522
NCM07,OUT019,-573.6409187315523
FDR12,OUT018,2567.743686338137
FDU04,OUT049,2049.4275992576822
FDZ33,OUT018,2109.604118939053
DRI03,OUT035,2941.972674002074
FDK08,OUT027,3094.9329467211974
NCA54,OUT010,867.7945004042423
FDN25,OUT013,1045.082547524482
FDV50,OUT018,1718.0777317822362
FDA37,OUT046,2034.2096905429403
NCN19,OUT018,2774.1961660319985
FDK03,OUT046,4078.7418499581945
FDF33,OUT027,3217.076790129341
NCR41,OUT046,1552.3580049741072
FDZ13,OUT046,868.0537758667998
FDZ04,OUT049,1120.514669744107
FDK21,OUT013,3995.536235201689
FDT50,OUT045,1533.559148921869
DRA12,OUT018,2014.5337574775263
FDS31,OUT027,4306.511335692393
FDY59,OUT049,1614.9744947009851
FDT40,OUT019,137.9433074696143
FDO03,OUT027,5073.33440671503
FDJ58,OUT013,2769.459708489224
NCY06,OUT018,1833.3922761241329
NCI29,OUT017,2353.4497872021807
FDY11,OUT017,1241.6088843658733
FDV56,OUT013,1820.4039441336795
FDT08,OUT027,3820.3163593203144
FDP23,OUT035,3615.434919825327
NCO42,OUT035,2473.742686582828
NCD54,OUT013,2336.226936049009
DRF60,OUT049,3818.1231048356485
FDO58,OUT035,2827.5616248306933
FDY37,OUT045,2288.012721004707
FDH56,OUT035,2092.1738644277066
DRA24,OUT019,692.7709356205968
NCU53,OUT010,658.2230433014657
FDQ08,OUT045,1018.7633117038968
FDA21,OUT035,3122.767875967896
FDJ36,OUT027,3148.669932202579
